{
  "hotspot": {
    "c_ref_time_ms": 1.414324,
    "triton_time_ms": 1.343922,
    "speedup": 1.052385
  },
  "lud": {
    "c_ref_time_ms": 11.359911,
    "triton_time_ms": 0.861969,
    "speedup": 13.17903
  },
  "pathfinder": {
    "c_ref_time_ms": 0.439639,
    "triton_time_ms": 4.102124,
    "speedup": 0.107173
  }
}