{
  "2mm": {
    "scale_factor": 8,
    "wa_small_triton_ms": 0.155304,
    "na_small_triton_ms": 1.272015,
    "winner": "WA-only",
    "wa_large_triton_ms": 52.79205683618784,
    "na_large_error": "timeout (60s)"
  },
  "3mm": {
    "scale_factor": 8,
    "wa_small_triton_ms": 0.155489,
    "na_small_triton_ms": 0.138102,
    "winner": "TIE",
    "wa_large_triton_ms": 0.08058669045567513,
    "na_large_triton_ms": 0.07725530304014683,
    "large_wa_na_ratio": 1.0431217959729844
  },
  "adi": {
    "scale_factor": 2,
    "wa_small_triton_ms": 19.564296,
    "na_small_triton_ms": 29.889408,
    "winner": "WA",
    "wa_large_triton_ms": 40.79223442822695,
    "na_large_triton_ms": 151.48489344865084,
    "large_wa_na_ratio": 0.2692825238184848
  },
  "atax": {
    "scale_factor": 8,
    "wa_small_triton_ms": 0.05915,
    "na_small_triton_ms": 0.129289,
    "winner": "WA",
    "wa_large_triton_ms": 0.1894647255539894,
    "na_large_triton_ms": 1.995296962559223,
    "large_wa_na_ratio": 0.094955652772095
  },
  "bicg": {
    "scale_factor": 8,
    "wa_small_triton_ms": 0.089493,
    "na_small_triton_ms": 0.146617,
    "winner": "WA",
    "wa_large_triton_ms": 0.25159744545817375,
    "na_large_triton_ms": 2.1749612409621477,
    "large_wa_na_ratio": 0.11567904784678987
  },
  "cholesky": {
    "scale_factor": 2,
    "wa_small_triton_ms": 2.111353,
    "na_small_triton_ms": 5.655601,
    "winner": "NA",
    "wa_large_triton_ms": 14.374996302649379,
    "na_large_triton_ms": 5.046620173379779,
    "large_wa_na_ratio": 2.8484403043596367
  },
  "correlation": {
    "scale_factor": 8,
    "wa_small_triton_ms": 0.114298,
    "na_small_triton_ms": 0.208538,
    "winner": "WA",
    "wa_large_triton_ms": 18.237965973094106,
    "na_large_triton_ms": 19.254958955571055,
    "large_wa_na_ratio": 0.9471828018525741
  },
  "covariance": {
    "scale_factor": 8,
    "wa_small_triton_ms": 0.145041,
    "na_small_triton_ms": 2.980833,
    "winner": "WA-only",
    "wa_large_triton_ms": 20.267830230295658,
    "na_large_error": "timeout (60s)"
  },
  "deriche": {
    "scale_factor": 8,
    "wa_small_triton_ms": 5.72389,
    "na_small_triton_ms": 5.829895,
    "winner": "TIE",
    "wa_large_triton_ms": 867.6971351727843,
    "na_large_triton_ms": 865.3768995311111,
    "large_wa_na_ratio": 1.0026811850916408
  },
  "doitgen": {
    "scale_factor": 8,
    "wa_small_triton_ms": 0.089853,
    "na_small_triton_ms": 0.088103,
    "winner": "WA",
    "wa_large_triton_ms": 1.2211371678858995,
    "na_large_triton_ms": 6.695674452930689,
    "large_wa_na_ratio": 0.18237702213126702
  },
  "durbin": {
    "scale_factor": 2,
    "wa_small_triton_ms": 0.47499,
    "na_small_triton_ms": 0.474599,
    "winner": "TIE",
    "wa_large_triton_ms": 1.726677967235446,
    "na_large_triton_ms": 1.6856880392879248,
    "large_wa_na_ratio": 1.0243164375567595
  },
  "fdtd_2d": {
    "scale_factor": 8,
    "wa_small_triton_ms": 0.150555,
    "na_small_triton_ms": 8.760488,
    "winner": "WA",
    "wa_large_triton_ms": 17.775960778817534,
    "na_large_triton_ms": 1006.8282327614723,
    "large_wa_na_ratio": 0.017655405560154606
  },
  "floyd_warshall": {
    "scale_factor": 2,
    "wa_small_triton_ms": 2.463502,
    "na_small_triton_ms": 3.595229,
    "winner": "TIE",
    "wa_large_triton_ms": 2.589432569220662,
    "na_large_triton_ms": 2.6046964339911938,
    "large_wa_na_ratio": 0.9941398680585811
  },
  "gemm": {
    "scale_factor": 8,
    "wa_small_triton_ms": 0.079134,
    "na_small_triton_ms": 0.157245,
    "winner": "WA",
    "wa_large_triton_ms": 0.19164234399795532,
    "na_large_triton_ms": 0.8023165632039309,
    "large_wa_na_ratio": 0.23886125849460263
  },
  "gemver": {
    "scale_factor": 8,
    "wa_small_triton_ms": 0.200217,
    "na_small_triton_ms": 0.185684,
    "winner": "NA",
    "wa_large_triton_ms": 0.057178037241101265,
    "na_large_triton_ms": 0.04937583580613136,
    "large_wa_na_ratio": 1.1580165947084797
  },
  "gesummv": {
    "scale_factor": 8,
    "wa_small_triton_ms": 0.083202,
    "na_small_triton_ms": 0.087426,
    "winner": "WA",
    "wa_large_triton_ms": 0.016748858615756035,
    "na_large_triton_ms": 0.08010370656847954,
    "large_wa_na_ratio": 0.20908968302780934
  },
  "gramschmidt": {
    "scale_factor": 8,
    "wa_small_triton_ms": 1.334089,
    "na_small_triton_ms": 5.668423,
    "winner": "WA-only",
    "wa_large_triton_ms": 1092.564889555797,
    "na_large_error": "timeout (60s)"
  },
  "heat_3d": {
    "scale_factor": 8,
    "wa_small_triton_ms": 0.587042,
    "na_small_triton_ms": 0.800826,
    "winner": "TIE",
    "wa_large_triton_ms": 12.245321273803711,
    "na_large_triton_ms": 12.32430306263268,
    "large_wa_na_ratio": 0.993591378885477
  },
  "jacobi_1d": {
    "scale_factor": 8,
    "wa_small_triton_ms": 0.053366,
    "na_small_triton_ms": 0.28873,
    "winner": "WA",
    "wa_large_triton_ms": 0.013478333130478859,
    "na_large_triton_ms": 2.7294634841382504,
    "large_wa_na_ratio": 0.004938088825443384
  },
  "lu": {
    "scale_factor": 2,
    "wa_small_triton_ms": 4.985715,
    "na_small_triton_ms": 4.763899,
    "winner": "NA",
    "wa_large_triton_ms": 39.87274235114455,
    "na_large_triton_ms": 18.612617952749133,
    "large_wa_na_ratio": 2.142242561060855
  },
  "ludcmp": {
    "scale_factor": 2,
    "wa_small_triton_ms": 10.225912,
    "na_small_triton_ms": 10.266422,
    "winner": "TIE",
    "wa_large_triton_ms": 84.44394320249557,
    "na_large_triton_ms": 84.27034839987755,
    "large_wa_na_ratio": 1.002059974901187
  },
  "mvt": {
    "scale_factor": 8,
    "wa_small_triton_ms": 0.118261,
    "na_small_triton_ms": 0.135164,
    "winner": "TIE",
    "wa_large_triton_ms": 0.020837225019931793,
    "na_large_triton_ms": 0.02082916907966137,
    "large_wa_na_ratio": 1.0003867624406722
  },
  "nussinov": {
    "scale_factor": 2,
    "wa_small_triton_ms": 14.66976,
    "na_small_triton_ms": 23.937128,
    "winner": "WA",
    "wa_large_triton_ms": 139.52032257802784,
    "na_large_triton_ms": 153.77319972030818,
    "large_wa_na_ratio": 0.9073123459211078
  },
  "symm": {
    "scale_factor": 8,
    "wa_small_triton_ms": 0.083768,
    "na_small_triton_ms": 0.072901,
    "winner": "WA",
    "wa_large_triton_ms": 4.251364804804325,
    "na_large_triton_ms": 6.770063005387783,
    "large_wa_na_ratio": 0.6279653234277117
  },
  "syr2k": {
    "scale_factor": 8,
    "wa_small_triton_ms": 0.081439,
    "na_small_triton_ms": 0.086249,
    "winner": "TIE",
    "wa_large_triton_ms": 9.242813847959042,
    "na_large_triton_ms": 9.045722708106041,
    "large_wa_na_ratio": 1.021788324295679
  },
  "syrk": {
    "scale_factor": 8,
    "wa_small_triton_ms": 0.08096,
    "na_small_triton_ms": 0.088665,
    "winner": "WA",
    "wa_large_triton_ms": 0.24223965592682362,
    "na_large_triton_ms": 2.0835747942328453,
    "large_wa_na_ratio": 0.11626155998686585
  },
  "trisolv": {
    "scale_factor": 2,
    "wa_small_triton_ms": 0.230789,
    "na_small_triton_ms": 2.722502,
    "winner": "WA",
    "wa_large_triton_ms": 0.7999506313353777,
    "na_large_triton_ms": 3.0596851371228695,
    "large_wa_na_ratio": 0.2614486770647256
  },
  "trmm": {
    "scale_factor": 8,
    "wa_small_triton_ms": 0.066384,
    "na_small_triton_ms": 0.071344,
    "winner": "WA",
    "wa_large_triton_ms": 3.9654848631471395,
    "na_large_triton_ms": 4.454584466293454,
    "large_wa_na_ratio": 0.8902030914786353
  },
  "jacobi_2d": {
    "scale_factor": 8,
    "wa_small_triton_ms": 0.266493,
    "na_small_triton_ms": 0,
    "winner": "WA-only",
    "wa_large_triton_ms": 32.11716627702117,
    "na_large_error": "at 11:14:\ndef jacobi_2d_kernel"
  },
  "seidel_2d": {
    "scale_factor": 2,
    "wa_small_triton_ms": 38.158106,
    "na_small_triton_ms": 0,
    "winner": "NA",
    "wa_large_triton_ms": 187.57081953808665,
    "na_large_triton_ms": 0.03835046663880348,
    "large_wa_na_ratio": 4890.965768544264
  }
}