{
  "2mm": {
    "c_ref_time_ms": 158.583869,
    "triton_time_ms": 0.10469,
    "speedup": 1514.799281
  },
  "3mm": {
    "c_ref_time_ms": 293.180373,
    "triton_time_ms": 0.45297,
    "speedup": 647.239454
  },
  "atax": {
    "c_ref_time_ms": 1.525793,
    "triton_time_ms": 1.140194,
    "speedup": 1.338187
  },
  "bicg": {
    "c_ref_time_ms": 1.706385,
    "triton_time_ms": 2.314196,
    "speedup": 0.737356
  },
  "correlation": {
    "c_ref_time_ms": 199.887887,
    "triton_time_ms": 676.828449,
    "speedup": 0.29533
  },
  "covariance": {
    "c_ref_time_ms": 192.091976,
    "triton_time_ms": 4.128827,
    "speedup": 46.524587
  },
  "deriche": {
    "c_ref_time_ms": 64.740732,
    "triton_time_ms": 2.919335,
    "speedup": 22.17653
  },
  "doitgen": {
    "c_ref_time_ms": 1853.590244,
    "triton_time_ms": 1.444438,
    "speedup": 1283.260917
  },
  "durbin": {
    "c_ref_time_ms": 0.708518,
    "triton_time_ms": 1.930836,
    "speedup": 0.366949
  },
  "fdtd_2d": {
    "c_ref_time_ms": 16.481754,
    "triton_time_ms": 1.068176,
    "speedup": 15.429814
  },
  "floyd_warshall": {
    "c_ref_time_ms": 498.331334,
    "triton_time_ms": 10.375884,
    "speedup": 48.027842
  },
  "gemm": {
    "c_ref_time_ms": 30.113671,
    "triton_time_ms": 0.896874,
    "speedup": 33.576251
  },
  "gemver": {
    "c_ref_time_ms": 5.851021,
    "triton_time_ms": 17.112475,
    "speedup": 0.341916
  },
  "gesummv": {
    "c_ref_time_ms": 3.455602,
    "triton_time_ms": 0.105489,
    "speedup": 32.757851
  },
  "gramschmidt": {
    "c_ref_time_ms": 257.26657,
    "triton_time_ms": 630.185964,
    "speedup": 0.408239
  },
  "heat_3d": {
    "c_ref_time_ms": 3057.26392,
    "triton_time_ms": 12.934856,
    "speedup": 236.358567
  },
  "jacobi_1d": {
    "c_ref_time_ms": 0.133182,
    "triton_time_ms": 0.047254,
    "speedup": 2.818424
  },
  "jacobi_2d": {
    "c_ref_time_ms": 34.634309,
    "triton_time_ms": 0.940742,
    "speedup": 36.815943
  },
  "lu": {
    "c_ref_time_ms": 342.777541,
    "triton_time_ms": 185.487083,
    "speedup": 1.847986
  },
  "ludcmp": {
    "c_ref_time_ms": 319.796046,
    "triton_time_ms": 350.56998,
    "speedup": 0.912217
  },
  "mvt": {
    "c_ref_time_ms": 4.335653,
    "triton_time_ms": 0.086813,
    "speedup": 49.942222
  },
  "symm": {
    "c_ref_time_ms": 165.461137,
    "triton_time_ms": 16.670628,
    "speedup": 9.925309
  },
  "syr2k": {
    "c_ref_time_ms": 124.777818,
    "triton_time_ms": 4.160626,
    "speedup": 29.990153
  },
  "syrk": {
    "c_ref_time_ms": 51.255337,
    "triton_time_ms": 2.165654,
    "speedup": 23.667371
  },
  "trisolv": {
    "c_ref_time_ms": 4.743775,
    "triton_time_ms": 0.07887,
    "speedup": 60.146782
  },
  "trmm": {
    "c_ref_time_ms": 90.562555,
    "triton_time_ms": 2.751331,
    "speedup": 32.915911
  },
  "cholesky": {
    "c_ref_time_ms": 155.055314,
    "triton_time_ms": 3.010513,
    "speedup": 51.50461
  }
}